molecule_chembl_id,canonical_smiles,canonical_smiles_rdkit,smiles,endpoint,target_pKi,target_value,p_endpoint_mean,p_endpoint_std,p_endpoint_min,p_endpoint_max,p_endpoint_range,high_replicate_spread,n_activity_records,n_unique_assays,n_unique_documents,n_unique_original_smiles,n_unique_rdkit_smiles,median_standard_value_nM,min_standard_value_nM,max_standard_value_nM,heavy_atom_count,mol_wt_rdkit,assay_type_set,assay_chembl_ids,document_chembl_ids,activity_ids
CHEMBL37251,Cc1cc(C(=O)Nc2ccc(-c3ccccc3S(N)(=O)=O)cc2)n(-c2cccc(C(=N)N)c2)n1,Cc1cc(C(=O)Nc2ccc(-c3ccccc3S(N)(=O)=O)cc2)n(-c2cccc(C(=N)N)c2)n1,Cc1cc(C(=O)Nc2ccc(-c3ccccc3S(N)(=O)=O)cc2)n(-c2cccc(C(=N)N)c2)n1,pKi,10.886056647693163,10.886056647693163,10.902334269451284,0.04306653910755834,10.886056647693163,11.0,0.11394335230683694,False,7,7,7,1,1,0.013,0.01,0.013,34,474.5460000000002,B,CHEMBL1273257;CHEMBL4196321;CHEMBL660835;CHEMBL661220;CHEMBL661801;CHEMBL827136;CHEMBL875001,CHEMBL1135946;CHEMBL1136021;CHEMBL1137915;CHEMBL1145122;CHEMBL1145914;CHEMBL1268866;CHEMBL4196003,1187244;1457240;18535289;297345;3519199;516646;725078
CHEMBL152854,Cc1cc(C(=O)Nc2ccc(-c3ccccc3S(N)(=O)=O)cc2)n(-c2cccc(C(=N)N)c2)n1.O=C(O)C(F)(F)F,Cc1cc(C(=O)Nc2ccc(-c3ccccc3S(N)(=O)=O)cc2)n(-c2cccc(C(=N)N)c2)n1,Cc1cc(C(=O)Nc2ccc(-c3ccccc3S(N)(=O)=O)cc2)n(-c2cccc(C(=N)N)c2)n1,pKi,10.886056647693163,10.886056647693163,10.886056647693163,0.0,10.886056647693163,10.886056647693163,0.0,False,2,2,2,1,1,0.013,0.013,0.013,34,474.5460000000002,B,CHEMBL662444;CHEMBL806254,CHEMBL1134213;CHEMBL1134648,263089;299955
CHEMBL160489,N=C(N)c1cccc(-n2nnnc2C(=O)Nc2ccc(-c3ccccc3S(N)(=O)=O)cc2)c1.O=C(O)C(F)(F)F,N=C(N)c1cccc(-n2nnnc2C(=O)Nc2ccc(-c3ccccc3S(N)(=O)=O)cc2)c1,N=C(N)c1cccc(-n2nnnc2C(=O)Nc2ccc(-c3ccccc3S(N)(=O)=O)cc2)c1,pKi,10.431798275933005,10.431798275933005,10.431798275933005,0.0,10.431798275933005,10.431798275933005,0.0,False,1,1,1,1,1,0.037,0.037,0.037,33,462.4950000000002,B,CHEMBL806254,CHEMBL1134213,267780
CHEMBL332157,N=C(N)c1cccc(-n2nnnc2C(=O)Nc2ccc(-c3ccccc3S(N)(=O)=O)cc2)c1,N=C(N)c1cccc(-n2nnnc2C(=O)Nc2ccc(-c3ccccc3S(N)(=O)=O)cc2)c1,N=C(N)c1cccc(-n2nnnc2C(=O)Nc2ccc(-c3ccccc3S(N)(=O)=O)cc2)c1,pKi,10.431798275933005,10.431798275933005,10.431798275933005,0.0,10.431798275933005,10.431798275933005,0.0,False,1,1,1,1,1,0.037,0.037,0.037,33,462.4950000000002,B,CHEMBL682006,CHEMBL1136511,830318
CHEMBL7651,N=C(N)c1cccc(C2=NOC(Cn3cnnn3)(C(=O)Nc3ccc(-c4ccccc4S(N)(=O)=O)cn3)C2)c1,N=C(N)c1cccc(C2=NOC(Cn3cnnn3)(C(=O)Nc3ccc(-c4ccccc4S(N)(=O)=O)cn3)C2)c1,N=C(N)c1cccc(C2=NOC(Cn3cnnn3)(C(=O)Nc3ccc(-c4ccccc4S(N)(=O)=O)cn3)C2)c1,pKi,9.958607314841775,9.958607314841775,9.895588569435093,0.10915166887362263,9.769551078621726,9.958607314841775,0.18905623622004875,False,3,2,2,1,1,0.11,0.11,0.17,39,546.5730000000001,B,CHEMBL663266;CHEMBL682004,CHEMBL1132652;CHEMBL1145764,1027767;378268;383970
CHEMBL140072,N=C(N)c1cccc(-c2nocc2C(=O)Nc2ccc(-c3ccccc3S(N)(=O)=O)cc2)c1,N=C(N)c1cccc(-c2nocc2C(=O)Nc2ccc(-c3ccccc3S(N)(=O)=O)cc2)c1,N=C(N)c1cccc(-c2nocc2C(=O)Nc2ccc(-c3ccccc3S(N)(=O)=O)cc2)c1,pKi,9.823908740944319,9.823908740944319,9.823908740944319,0.0,9.823908740944319,9.823908740944319,0.0,False,3,3,3,1,1,0.15,0.15,0.15,33,461.50300000000016,B,CHEMBL1273257;CHEMBL661220;CHEMBL661793,CHEMBL1133078;CHEMBL1145122;CHEMBL1268866,3519198;514164;545162
CHEMBL153611,N=C(N)c1cccc(-c2nocc2C(=O)Nc2ccc(-c3ccccc3S(N)(=O)=O)cc2)c1.O=C(O)C(F)(F)F,N=C(N)c1cccc(-c2nocc2C(=O)Nc2ccc(-c3ccccc3S(N)(=O)=O)cc2)c1,N=C(N)c1cccc(-c2nocc2C(=O)Nc2ccc(-c3ccccc3S(N)(=O)=O)cc2)c1,pKi,9.823908740944319,9.823908740944319,9.823908740944319,0.0,9.823908740944319,9.823908740944319,0.0,False,2,2,2,1,1,0.15,0.15,0.15,33,461.50300000000016,B,CHEMBL662444;CHEMBL806254,CHEMBL1134213;CHEMBL1134648,237438;293422
CHEMBL93210,N=C(N)c1cccc(C2=NOC(Cn3cnnn3)(C(=O)Nc3ccc(-c4ccccc4S(N)(=O)=O)cn3)C2)c1.O=C(O)C(F)(F)F,N=C(N)c1cccc(C2=NOC(Cn3cnnn3)(C(=O)Nc3ccc(-c4ccccc4S(N)(=O)=O)cn3)C2)c1,N=C(N)c1cccc(C2=NOC(Cn3cnnn3)(C(=O)Nc3ccc(-c4ccccc4S(N)(=O)=O)cn3)C2)c1,pKi,9.769551078621726,9.769551078621726,9.769551078621726,0.0,9.769551078621726,9.769551078621726,0.0,False,1,1,1,1,1,0.17,0.17,0.17,39,546.5730000000001,B,CHEMBL663266,CHEMBL1132652,1037659
CHEMBL206335,CN(C)Cc1nccn1-c1ccc(NC(=O)c2cc(C(F)(F)F)nn2-c2ccc3onc(N)c3c2)c(F)c1,CN(C)Cc1nccn1-c1ccc(NC(=O)c2cc(C(F)(F)F)nn2-c2ccc3onc(N)c3c2)c(F)c1,CN(C)Cc1nccn1-c1ccc(NC(=O)c2cc(C(F)(F)F)nn2-c2ccc3onc(N)c3c2)c(F)c1,pKi,9.721246399047171,9.721246399047171,9.637122182528708,0.2790084619743605,8.795880017344075,9.721246399047171,0.9253663817030962,False,11,10,10,1,1,0.19,0.19,1.6,38,528.4700000000003,B,CHEMBL1010168;CHEMBL1072755;CHEMBL1273257;CHEMBL859919;CHEMBL868637;CHEMBL900663;CHEMBL913626;CHEMBL926651;CHEMBL927722;CHEMBL946423,CHEMBL1137566;CHEMBL1139730;CHEMBL1140716;CHEMBL1140796;CHEMBL1146127;CHEMBL1146858;CHEMBL1154516;CHEMBL1156909;CHEMBL1157522;CHEMBL1268866,1703611;1755215;1809610;1993555;2066382;2066385;2073437;2447252;2619913;3103017;3519217
CHEMBL558198,CN(C)Cc1nccn1-c1ccc(NC(=O)c2cc(C(F)(F)F)nn2-c2ccc3onc(N)c3c2)c(F)c1.Cl,CN(C)Cc1nccn1-c1ccc(NC(=O)c2cc(C(F)(F)F)nn2-c2ccc3onc(N)c3c2)c(F)c1,CN(C)Cc1nccn1-c1ccc(NC(=O)c2cc(C(F)(F)F)nn2-c2ccc3onc(N)c3c2)c(F)c1,pKi,9.721246399047171,9.721246399047171,9.721246399047171,0.0,9.721246399047171,9.721246399047171,0.0,False,4,4,4,1,1,0.19,0.19,0.19,38,528.4700000000003,B,CHEMBL826326;CHEMBL855824;CHEMBL863573;CHEMBL898074,CHEMBL1138952;CHEMBL1145195;CHEMBL1146891;CHEMBL1149575,1405687;1741987;1770550;1971685
CHEMBL1183989,N=C(N)c1cccc(C2=NOC(Cn3cnnn3)(C(=O)Nc3ncc(-c4ccccc4S(N)(=O)=O)cn3)C2)c1,N=C(N)c1cccc(C2=NOC(Cn3cnnn3)(C(=O)Nc3ncc(-c4ccccc4S(N)(=O)=O)cn3)C2)c1,N=C(N)c1cccc(C2=NOC(Cn3cnnn3)(C(=O)Nc3ncc(-c4ccccc4S(N)(=O)=O)cn3)C2)c1,pKi,9.494850021680094,9.494850021680094,9.494850021680094,0.0,9.494850021680094,9.494850021680094,0.0,False,1,1,1,1,1,0.32,0.32,0.32,39,547.561,B,CHEMBL663266,CHEMBL1132652,1042268
CHEMBL1183796,CCOCC1(C(=O)Nc2ccc(-c3ccccc3S(N)(=O)=O)cn2)CC(c2cccc(C(=N)N)c2)=NO1,CCOCC1(C(=O)Nc2ccc(-c3ccccc3S(N)(=O)=O)cn2)CC(c2cccc(C(=N)N)c2)=NO1,CCOCC1(C(=O)Nc2ccc(-c3ccccc3S(N)(=O)=O)cn2)CC(c2cccc(C(=N)N)c2)=NO1,pKi,9.096910013008056,9.096910013008056,9.096910013008056,0.0,9.096910013008056,9.096910013008056,0.0,False,1,1,1,1,1,0.8,0.8,0.8,37,522.5870000000002,B,CHEMBL663266,CHEMBL1132652,1053342
CHEMBL159418,N=C(N)c1cccc(C2=NOC(Cn3cnnn3)(C(=O)Nc3ccc(-c4ccccc4S(N)(=O)=O)cc3)C2)c1,N=C(N)c1cccc(C2=NOC(Cn3cnnn3)(C(=O)Nc3ccc(-c4ccccc4S(N)(=O)=O)cc3)C2)c1,N=C(N)c1cccc(C2=NOC(Cn3cnnn3)(C(=O)Nc3ccc(-c4ccccc4S(N)(=O)=O)cc3)C2)c1,pKi,9.039938336854638,9.039938336854638,9.039938336854638,0.34515058546182403,8.795880017344075,9.2839966563652,0.48811663902112556,False,2,2,2,1,1,1.06,0.52,1.6,39,545.5850000000002,B,CHEMBL661793;CHEMBL663266,CHEMBL1132652;CHEMBL1133078,1054614;522738
CHEMBL3091519,Cc1c(N2CCCC2=O)cccc1S(=O)(=O)N[C@@H](CNC(=O)c1ccc(Cl)s1)C(=O)N1CCN(C)CC1.Cl,Cc1c(N2CCCC2=O)cccc1S(=O)(=O)N[C@@H](CNC(=O)c1ccc(Cl)s1)C(=O)N1CCN(C)CC1,Cc1c(N2CCCC2=O)cccc1S(=O)(=O)N[C@@H](CNC(=O)c1ccc(Cl)s1)C(=O)N1CCN(C)CC1,pKi,9.0,9.0,9.0,0.0,9.0,9.0,0.0,False,1,1,1,1,1,1.0,1.0,1.0,37,568.1210000000001,B,CHEMBL3097585,CHEMBL3091444,13842627
CHEMBL3139247,Cc1c(N2CCCC2=O)cccc1S(=O)(=O)N[C@@H](CNC(=O)c1ccc(Cl)s1)C(=O)N1CCN(C)CC1,Cc1c(N2CCCC2=O)cccc1S(=O)(=O)N[C@@H](CNC(=O)c1ccc(Cl)s1)C(=O)N1CCN(C)CC1,Cc1c(N2CCCC2=O)cccc1S(=O)(=O)N[C@@H](CNC(=O)c1ccc(Cl)s1)C(=O)N1CCN(C)CC1,pKi,9.0,9.0,9.0,0.0,9.0,9.0,0.0,False,1,1,1,1,1,1.0,1.0,1.0,37,568.1210000000001,B,CHEMBL6187553,CHEMBL6182938,29322359
CHEMBL327331,N=C(N)c1cccc(C2=NOC(Cn3cnnn3)(C(=O)Nc3ncc(-c4ccccc4S(N)(=O)=O)cn3)C2)c1.O=C(O)C(F)(F)F,N=C(N)c1cccc(C2=NOC(Cn3cnnn3)(C(=O)Nc3ncc(-c4ccccc4S(N)(=O)=O)cn3)C2)c1,N=C(N)c1cccc(C2=NOC(Cn3cnnn3)(C(=O)Nc3ncc(-c4ccccc4S(N)(=O)=O)cn3)C2)c1,pKi,8.886056647693163,8.886056647693163,8.886056647693163,0.0,8.886056647693163,8.886056647693163,0.0,False,1,1,1,1,1,1.3,1.3,1.3,39,547.561,B,CHEMBL663266,CHEMBL1132652,1036490
CHEMBL328069,N=C(N)c1cccc(C2=NOC(Cn3cnnn3)(C(=O)Nc3ccc(-c4ccccc4S(N)(=O)=O)cc3)C2)c1.O=C(O)C(F)(F)F,N=C(N)c1cccc(C2=NOC(Cn3cnnn3)(C(=O)Nc3ccc(-c4ccccc4S(N)(=O)=O)cc3)C2)c1,N=C(N)c1cccc(C2=NOC(Cn3cnnn3)(C(=O)Nc3ccc(-c4ccccc4S(N)(=O)=O)cc3)C2)c1,pKi,8.795880017344075,8.795880017344075,8.795880017344075,0.0,8.795880017344075,8.795880017344075,0.0,False,1,1,1,1,1,1.6,1.6,1.6,39,545.5850000000002,B,CHEMBL663266,CHEMBL1132652,1041117
CHEMBL263495,N=C(N)c1ccc2[nH]cc(C(Cc3ccccc3)C(=O)Nc3ccc(-n4cnc5ccccc54)cc3F)c2c1,N=C(N)c1ccc2[nH]cc(C(Cc3ccccc3)C(=O)Nc3ccc(-n4cnc5ccccc54)cc3F)c2c1,N=C(N)c1ccc2[nH]cc(C(Cc3ccccc3)C(=O)Nc3ccc(-n4cnc5ccccc54)cc3F)c2c1,pKi,8.602059991327963,8.602059991327963,8.602059991327963,0.0,8.602059991327963,8.602059991327963,0.0,False,1,1,1,1,1,2.5,2.5,2.5,39,516.5800000000002,B,CHEMBL833645,CHEMBL1137916,1456032
CHEMBL360894,N=C(N)c1ccc2[nH]cc(C(Cc3ccccc3)C(=O)Nc3ccc(-n4cnc5ccccc54)cc3F)c2c1.O=C(O)C(F)(F)F,N=C(N)c1ccc2[nH]cc(C(Cc3ccccc3)C(=O)Nc3ccc(-n4cnc5ccccc54)cc3F)c2c1,N=C(N)c1ccc2[nH]cc(C(Cc3ccccc3)C(=O)Nc3ccc(-n4cnc5ccccc54)cc3F)c2c1,pKi,8.602059991327963,8.602059991327963,8.602059991327963,0.0,8.602059991327963,8.602059991327963,0.0,False,1,1,1,1,1,2.5,2.5,2.5,39,516.5800000000002,B,CHEMBL828792,CHEMBL1145227,1437605
CHEMBL318112,CCOCC1(C(=O)Nc2ccc(-c3ccccc3S(N)(=O)=O)cn2)CC(c2cccc(C(=N)N)c2)=NO1.O=C(O)C(F)(F)F,CCOCC1(C(=O)Nc2ccc(-c3ccccc3S(N)(=O)=O)cn2)CC(c2cccc(C(=N)N)c2)=NO1,CCOCC1(C(=O)Nc2ccc(-c3ccccc3S(N)(=O)=O)cn2)CC(c2cccc(C(=N)N)c2)=NO1,pKi,8.55284196865778,8.55284196865778,8.55284196865778,0.0,8.55284196865778,8.55284196865778,0.0,False,1,1,1,1,1,2.8,2.8,2.8,37,522.5870000000002,B,CHEMBL663266,CHEMBL1132652,1030248
CHEMBL1184021,CCOCC1(C(=O)Nc2ccc(-c3ccccc3S(N)(=O)=O)cc2)CC(c2cccc(C(=N)N)c2)=NO1,CCOCC1(C(=O)Nc2ccc(-c3ccccc3S(N)(=O)=O)cc2)CC(c2cccc(C(=N)N)c2)=NO1,CCOCC1(C(=O)Nc2ccc(-c3ccccc3S(N)(=O)=O)cc2)CC(c2cccc(C(=N)N)c2)=NO1,pKi,8.481486060122112,8.481486060122112,8.481486060122112,0.0,8.481486060122112,8.481486060122112,0.0,False,1,1,1,1,1,3.3,3.3,3.3,37,521.5990000000003,B,CHEMBL663266,CHEMBL1132652,1055922
CHEMBL328298,COCC1(C(=O)Nc2ccc(-c3ccccc3S(N)(=O)=O)cc2)CC(c2cccc(C(=N)N)c2)=NO1.O=C(O)C(F)(F)F,COCC1(C(=O)Nc2ccc(-c3ccccc3S(N)(=O)=O)cc2)CC(c2cccc(C(=N)N)c2)=NO1,COCC1(C(=O)Nc2ccc(-c3ccccc3S(N)(=O)=O)cc2)CC(c2cccc(C(=N)N)c2)=NO1,pKi,8.468521082957745,8.468521082957745,8.468521082957745,0.0,8.468521082957745,8.468521082957745,0.0,False,1,1,1,1,1,3.4,3.4,3.4,36,507.5720000000003,B,CHEMBL663266,CHEMBL1132652,1030245
CHEMBL350499,COCC1(C(=O)Nc2ccc(-c3ccccc3S(N)(=O)=O)cc2)CC(c2cccc(C(=N)N)c2)=NO1,COCC1(C(=O)Nc2ccc(-c3ccccc3S(N)(=O)=O)cc2)CC(c2cccc(C(=N)N)c2)=NO1,COCC1(C(=O)Nc2ccc(-c3ccccc3S(N)(=O)=O)cc2)CC(c2cccc(C(=N)N)c2)=NO1,pKi,8.468521082957745,8.468521082957745,8.468521082957745,0.0,8.468521082957745,8.468521082957745,0.0,False,1,1,1,1,1,3.4,3.4,3.4,36,507.5720000000003,B,CHEMBL661793,CHEMBL1133078,512316
CHEMBL328582,CCOCC1(C(=O)Nc2ccc(-c3ccccc3S(N)(=O)=O)cc2)CC(c2cccc(C(=N)N)c2)=NO1.O=C(O)C(F)(F)F,CCOCC1(C(=O)Nc2ccc(-c3ccccc3S(N)(=O)=O)cc2)CC(c2cccc(C(=N)N)c2)=NO1,CCOCC1(C(=O)Nc2ccc(-c3ccccc3S(N)(=O)=O)cc2)CC(c2cccc(C(=N)N)c2)=NO1,pKi,8.455931955649724,8.455931955649724,8.455931955649724,0.0,8.455931955649724,8.455931955649724,0.0,False,1,1,1,1,1,3.5,3.5,3.5,37,521.5990000000003,B,CHEMBL663266,CHEMBL1132652,1042265
CHEMBL186900,N=C(N)c1ccc2[nH]cc(C(Cc3ccc(N)cc3)C(=O)Nc3ccc(-n4cnc5ccccc54)cc3)c2c1,N=C(N)c1ccc2[nH]cc(C(Cc3ccc(N)cc3)C(=O)Nc3ccc(-n4cnc5ccccc54)cc3)c2c1,N=C(N)c1ccc2[nH]cc(C(Cc3ccc(N)cc3)C(=O)Nc3ccc(-n4cnc5ccccc54)cc3)c2c1,pKi,8.397940008672037,8.397940008672037,8.397940008672037,0.0,8.397940008672037,8.397940008672037,0.0,False,1,1,1,1,1,4.0,4.0,4.0,39,513.6050000000002,B,CHEMBL833645,CHEMBL1137916,1456445
CHEMBL362184,N=C(N)c1ccc2[nH]cc(C(Cc3ccc(N)cc3)C(=O)Nc3ccc(-n4cnc5ccccc54)cc3)c2c1.O=C(O)C(F)(F)F,N=C(N)c1ccc2[nH]cc(C(Cc3ccc(N)cc3)C(=O)Nc3ccc(-n4cnc5ccccc54)cc3)c2c1,N=C(N)c1ccc2[nH]cc(C(Cc3ccc(N)cc3)C(=O)Nc3ccc(-n4cnc5ccccc54)cc3)c2c1,pKi,8.397940008672037,8.397940008672037,8.397940008672037,0.0,8.397940008672037,8.397940008672037,0.0,False,1,1,1,1,1,4.0,4.0,4.0,39,513.6050000000002,B,CHEMBL828792,CHEMBL1145227,1437615
CHEMBL455932,CS(=O)(=O)c1ccccc1-c1ccc(CCNS(=O)(=O)c2cc(C(=N)N)ccc2O)c(OCC(=O)O)c1,CS(=O)(=O)c1ccccc1-c1ccc(CCNS(=O)(=O)c2cc(C(=N)N)ccc2O)c(OCC(=O)O)c1,CS(=O)(=O)c1ccccc1-c1ccc(CCNS(=O)(=O)c2cc(C(=N)N)ccc2O)c(OCC(=O)O)c1,pKi,8.301029995663981,8.301029995663981,8.301029995663981,0.0,8.301029995663981,8.301029995663981,0.0,False,2,2,2,1,1,5.0,5.0,5.0,37,547.6110000000003,B,CHEMBL1273257;CHEMBL995175,CHEMBL1156579;CHEMBL1268866,2240899;3515169
CHEMBL279628,COC(=O)CC1(C(=O)Nc2ccc(-c3ccccc3S(N)(=O)=O)cc2)CC(c2cccc(C(=N)N)c2)=NO1.O=C(O)C(F)(F)F,COC(=O)CC1(C(=O)Nc2ccc(-c3ccccc3S(N)(=O)=O)cc2)CC(c2cccc(C(=N)N)c2)=NO1,COC(=O)CC1(C(=O)Nc2ccc(-c3ccccc3S(N)(=O)=O)cc2)CC(c2cccc(C(=N)N)c2)=NO1,pKi,8.200659450546418,8.200659450546418,8.229844047075488,0.0887339444264272,8.167491087293763,8.4089353929735,0.24144430567973707,False,6,3,3,1,1,6.3,3.9,6.8,38,535.5820000000002,B,CHEMBL658336;CHEMBL663266;CHEMBL663267,CHEMBL1131683;CHEMBL1132311;CHEMBL1132652,1033921;1276257;1278920;1286306;1302505;150806
CHEMBL139063,COC(=O)CC1(C(=O)Nc2ccc(-c3ccccc3S(N)(=O)=O)cc2)CC(c2cccc(C(=N)N)c2)=NO1,COC(=O)CC1(C(=O)Nc2ccc(-c3ccccc3S(N)(=O)=O)cc2)CC(c2cccc(C(=N)N)c2)=NO1,COC(=O)CC1(C(=O)Nc2ccc(-c3ccccc3S(N)(=O)=O)cc2)CC(c2cccc(C(=N)N)c2)=NO1,pKi,8.200659450546418,8.200659450546418,8.200659450546418,0.0,8.200659450546418,8.200659450546418,0.0,False,2,2,2,1,1,6.3,6.3,6.3,38,535.5820000000002,B,CHEMBL1273257;CHEMBL657716,CHEMBL1133520;CHEMBL1268866,3519196;593140
CHEMBL301729,N=C(N)c1cccc(C2=NOC(C(=O)Nc3ccc(-c4ccccc4S(N)(=O)=O)cc3)C2)c1,N=C(N)c1cccc(C2=NOC(C(=O)Nc3ccc(-c4ccccc4S(N)(=O)=O)cc3)C2)c1,N=C(N)c1cccc(C2=NOC(C(=O)Nc3ccc(-c4ccccc4S(N)(=O)=O)cc3)C2)c1,pKi,8.142667503568731,8.142667503568731,8.142667503568731,0.0,8.142667503568731,8.142667503568731,0.0,False,2,2,2,1,1,7.2,7.2,7.2,33,463.5190000000002,B,CHEMBL661220;CHEMBL682024,CHEMBL1136396;CHEMBL1145122,162061;533835
CHEMBL92523,N=C(N)c1cccc(C2=NOC(C(=O)Nc3ccc(-c4ccccc4S(N)(=O)=O)cc3)C2)c1.O=C(O)C(F)(F)F,N=C(N)c1cccc(C2=NOC(C(=O)Nc3ccc(-c4ccccc4S(N)(=O)=O)cc3)C2)c1,N=C(N)c1cccc(C2=NOC(C(=O)Nc3ccc(-c4ccccc4S(N)(=O)=O)cc3)C2)c1,pKi,8.142667503568731,8.142667503568731,8.142667503568731,0.0,8.142667503568731,8.142667503568731,0.0,False,1,1,1,1,1,7.2,7.2,7.2,33,463.5190000000002,B,CHEMBL663266,CHEMBL1132652,1029092
CHEMBL7967,CC1(C(=O)Nc2ccc(-c3ccccc3S(N)(=O)=O)cc2)CC(c2cccc(C(=N)N)c2)=NO1,CC1(C(=O)Nc2ccc(-c3ccccc3S(N)(=O)=O)cc2)CC(c2cccc(C(=N)N)c2)=NO1,CC1(C(=O)Nc2ccc(-c3ccccc3S(N)(=O)=O)cc2)CC(c2cccc(C(=N)N)c2)=NO1,pKi,8.050637409205253,8.050637409205253,8.050637409205253,0.1301502075953066,7.958607314841775,8.142667503568731,0.1840601887269564,False,2,2,2,1,1,9.1,7.2,11.0,34,477.5460000000002,B,CHEMBL661793;CHEMBL682004,CHEMBL1133078;CHEMBL1145764,348556;549077
CHEMBL307446,N=C(N)c1cccc(CNC(=O)c2cc3c(O)cccc3n2Cc2cccc(C(=N)N)c2)c1.O=C(O)C(F)(F)F,N=C(N)c1cccc(CNC(=O)c2cc3c(O)cccc3n2Cc2cccc(C(=N)N)c2)c1,N=C(N)c1cccc(CNC(=O)c2cc3c(O)cccc3n2Cc2cccc(C(=N)N)c2)c1,pKi,8.045757490560675,8.045757490560675,8.045757490560675,0.0,8.045757490560675,8.045757490560675,0.0,False,1,1,1,1,1,9.0,9.0,9.0,33,440.5070000000002,B,CHEMBL802350,CHEMBL1133787,1101091
CHEMBL317811,N=C(N)c1cccc(CNC(=O)c2cc3c(O)cccc3n2Cc2cccc(C(=N)N)c2)c1,N=C(N)c1cccc(CNC(=O)c2cc3c(O)cccc3n2Cc2cccc(C(=N)N)c2)c1,N=C(N)c1cccc(CNC(=O)c2cc3c(O)cccc3n2Cc2cccc(C(=N)N)c2)c1,pKi,8.045757490560675,8.045757490560675,8.045757490560675,0.0,8.045757490560675,8.045757490560675,0.0,False,1,1,1,1,1,9.0,9.0,9.0,33,440.5070000000002,B,CHEMBL663407,CHEMBL1135480,820124
CHEMBL330496,CC1(C(=O)Nc2ccc(-c3ccccc3S(N)(=O)=O)cc2)CC(c2cccc(C(=N)N)c2)=NO1.O=C(O)C(F)(F)F,CC1(C(=O)Nc2ccc(-c3ccccc3S(N)(=O)=O)cc2)CC(c2cccc(C(=N)N)c2)=NO1,CC1(C(=O)Nc2ccc(-c3ccccc3S(N)(=O)=O)cc2)CC(c2cccc(C(=N)N)c2)=NO1,pKi,7.958607314841775,7.958607314841775,7.958607314841775,0.0,7.958607314841775,7.958607314841775,0.0,False,1,1,1,1,1,11.0,11.0,11.0,34,477.5460000000002,B,CHEMBL663266,CHEMBL1132652,1052235
CHEMBL539053,CC(=N)N1CC[C@H](Oc2ccc([C@H](Cc3ccc4ccc(C(=N)N)cc4c3)C(=O)O)cc2)C1.Cl,CC(=N)N1CC[C@H](Oc2ccc([C@H](Cc3ccc4ccc(C(=N)N)cc4c3)C(=O)O)cc2)C1,CC(=N)N1CC[C@H](Oc2ccc([C@H](Cc3ccc4ccc(C(=N)N)cc4c3)C(=O)O)cc2)C1,pKi,7.392578075976151,7.392578075976151,7.392578075976151,0.007582917939054383,7.3872161432802645,7.3979400086720375,0.010723865391772947,False,2,2,2,1,1,40.5,40.0,41.0,33,444.5350000000002,B,CHEMBL661806;CHEMBL828924,CHEMBL1131421;CHEMBL1139513,1172979;1509413
CHEMBL19902,CC(=N)N1CC[C@H](Oc2ccc([C@H](Cc3ccc4ccc(C(=N)N)cc4c3)C(=O)O)cc2)C1,CC(=N)N1CC[C@H](Oc2ccc([C@H](Cc3ccc4ccc(C(=N)N)cc4c3)C(=O)O)cc2)C1,CC(=N)N1CC[C@H](Oc2ccc([C@H](Cc3ccc4ccc(C(=N)N)cc4c3)C(=O)O)cc2)C1,pKi,7.3872161432802645,7.3872161432802645,7.503746238613019,0.2598889935693814,7.3872161432802645,8.154901959985743,0.7676858167054785,False,9,9,9,1,1,41.0,7.0,41.0,33,444.5350000000002,B,CHEMBL1273257;CHEMBL661584;CHEMBL662448;CHEMBL662872;CHEMBL663408;CHEMBL666765;CHEMBL682008;CHEMBL981506;CHEMBL995172,CHEMBL1129218;CHEMBL1131613;CHEMBL1132209;CHEMBL1132552;CHEMBL1133572;CHEMBL1135884;CHEMBL1143358;CHEMBL1156579;CHEMBL1268866,1077462;1112465;1129977;2240917;2498674;259183;324414;3519170;639316
CHEMBL328307,N=C(N)c1cccc(CNC(=O)c2cc3cc(N)ccc3n2Cc2cccc(C(=N)N)c2)c1,N=C(N)c1cccc(CNC(=O)c2cc3cc(N)ccc3n2Cc2cccc(C(=N)N)c2)c1,N=C(N)c1cccc(CNC(=O)c2cc3cc(N)ccc3n2Cc2cccc(C(=N)N)c2)c1,pKi,7.292429823902063,7.292429823902063,7.292429823902063,0.0,7.292429823902063,7.292429823902063,0.0,False,1,1,1,1,1,51.0,51.0,51.0,33,439.52300000000014,B,CHEMBL663407,CHEMBL1135480,799025
CHEMBL307201,N=C(N)c1cccc(CNC(=O)c2cc3cc(N)ccc3n2Cc2cccc(C(=N)N)c2)c1.O=C(O)C(F)(F)F.O=C(O)C(F)(F)F,N=C(N)c1cccc(CNC(=O)c2cc3cc(N)ccc3n2Cc2cccc(C(=N)N)c2)c1,N=C(N)c1cccc(CNC(=O)c2cc3cc(N)ccc3n2Cc2cccc(C(=N)N)c2)c1,pKi,7.075720713938118,7.075720713938118,7.075720713938118,0.0,7.075720713938118,7.075720713938118,0.0,False,1,1,1,1,1,84.0,84.0,84.0,33,439.52300000000014,B,CHEMBL846420,CHEMBL1133787,1082288
CHEMBL421370,N=C(N)c1cccc(N2CCCCN(C3CCN(Cc4ccccc4)CC3)C2=O)c1,N=C(N)c1cccc(N2CCCCN(C3CCN(Cc4ccccc4)CC3)C2=O)c1,N=C(N)c1cccc(N2CCCCN(C3CCN(Cc4ccccc4)CC3)C2=O)c1,pKi,6.991399828238082,6.991399828238082,6.991399828238082,0.0,6.991399828238082,6.991399828238082,0.0,False,1,1,1,1,1,102.0,102.0,102.0,30,405.54600000000016,B,CHEMBL662826,CHEMBL1131265,552375
CHEMBL553840,Cl.Cl.N=C(N)c1cccc(N2CCCCN(C3CCN(Cc4ccccc4)CC3)C2=O)c1,N=C(N)c1cccc(N2CCCCN(C3CCN(Cc4ccccc4)CC3)C2=O)c1,N=C(N)c1cccc(N2CCCCN(C3CCN(Cc4ccccc4)CC3)C2=O)c1,pKi,6.991399828238082,6.991399828238082,6.991399828238082,0.0,6.991399828238082,6.991399828238082,0.0,False,1,1,1,1,1,102.0,102.0,102.0,30,405.54600000000016,B,CHEMBL660848,CHEMBL1133385,115463
CHEMBL463179,CS(=O)(=O)c1ccccc1-c1ccc(CCNS(=O)(=O)c2cc(C(=N)N)ccc2O)c(OCC(=O)O)c1.Cl,CS(=O)(=O)c1ccccc1-c1ccc(CCNS(=O)(=O)c2cc(C(=N)N)ccc2O)c(OCC(=O)O)c1,CS(=O)(=O)c1ccccc1-c1ccc(CCNS(=O)(=O)c2cc(C(=N)N)ccc2O)c(OCC(=O)O)c1,pKi,6.301029995663981,6.301029995663981,6.301029995663981,0.0,6.301029995663981,6.301029995663981,0.0,False,1,1,1,1,1,500.0,500.0,500.0,37,547.6110000000003,B,CHEMBL995175,CHEMBL1156579,2240974
CHEMBL432783,Cl.Cl.N=C(N)c1ccc(N2CCCCN(c3cccc(C(=N)N)c3)C2=O)cc1,N=C(N)c1ccc(N2CCCCN(c3cccc(C(=N)N)c3)C2=O)cc1,N=C(N)c1ccc(N2CCCCN(c3cccc(C(=N)N)c3)C2=O)cc1,pKi,6.096910013008056,6.096910013008056,6.096910013008056,0.0,6.096910013008056,6.096910013008056,0.0,False,1,1,1,1,1,800.0,800.0,800.0,26,350.42600000000004,B,CHEMBL660848,CHEMBL1133385,115462
CHEMBL91654,N=C(N)c1ccc(N2CCCCN(c3cccc(C(=N)N)c3)C2=O)cc1,N=C(N)c1ccc(N2CCCCN(c3cccc(C(=N)N)c3)C2=O)cc1,N=C(N)c1ccc(N2CCCCN(c3cccc(C(=N)N)c3)C2=O)cc1,pKi,6.096910013008056,6.096910013008056,6.096910013008056,0.0,6.096910013008056,6.096910013008056,0.0,False,1,1,1,1,1,800.0,800.0,800.0,26,350.42600000000004,B,CHEMBL662826,CHEMBL1131265,534576
CHEMBL4451232,CCOC(=O)N1CCN(C(=O)[C@H](Cc2cccc(C(=N)N)c2)NS(=O)(=O)c2c(C(C)C)cc(C(C)C)cc2C(C)C)CC1.Cl,CCOC(=O)N1CCN(C(=O)[C@H](Cc2cccc(C(=N)N)c2)NS(=O)(=O)c2c(C(C)C)cc(C(C)C)cc2C(C)C)CC1,CCOC(=O)N1CCN(C(=O)[C@H](Cc2cccc(C(=N)N)c2)NS(=O)(=O)c2c(C(C)C)cc(C(C)C)cc2C(C)C)CC1,pKi,6.008773924307505,6.008773924307505,6.008773924307505,0.0,6.008773924307505,6.008773924307505,0.0,False,1,1,1,1,1,980.0,980.0,980.0,43,613.825,B,CHEMBL4424436,CHEMBL4422663,19368674
CHEMBL107955,CCOC(=O)N1CCN(C(=O)[C@H](Cc2cccc(C(=N)N)c2)NS(=O)(=O)c2c(C(C)C)cc(C(C)C)cc2C(C)C)CC1,CCOC(=O)N1CCN(C(=O)[C@H](Cc2cccc(C(=N)N)c2)NS(=O)(=O)c2c(C(C)C)cc(C(C)C)cc2C(C)C)CC1,CCOC(=O)N1CCN(C(=O)[C@H](Cc2cccc(C(=N)N)c2)NS(=O)(=O)c2c(C(C)C)cc(C(C)C)cc2C(C)C)CC1,pKi,5.769551078621726,5.769551078621726,5.769551078621726,0.0,5.769551078621726,5.769551078621726,0.0,False,1,1,1,1,1,1700.0,1700.0,1700.0,43,613.825,B,CHEMBL868545,CHEMBL1138903,1746716
CHEMBL3355683,NC[C@H]1CC[C@H](C(=O)N[C@@H](Cc2ccccc2)c2nc(-c3ccc4c(N)n[nH]c4c3)c(Cl)[nH]2)CC1.O=C(O)C(F)(F)F,NC[C@H]1CC[C@H](C(=O)N[C@@H](Cc2ccccc2)c2nc(-c3ccc4c(N)n[nH]c4c3)c(Cl)[nH]2)CC1,NC[C@H]1CC[C@H](C(=O)N[C@@H](Cc2ccccc2)c2nc(-c3ccc4c(N)n[nH]c4c3)c(Cl)[nH]2)CC1,pKi,5.1944991418416,5.1944991418416,5.1944991418416,0.0,5.1944991418416,5.1944991418416,0.0,False,1,1,1,1,1,6390.0,6390.0,6390.0,35,492.02700000000027,B,CHEMBL3377179,CHEMBL3351269,15088621
CHEMBL3398612,NC[C@H]1CC[C@H](C(=O)N[C@@H](Cc2ccccc2)c2nc(-c3ccc4c(N)n[nH]c4c3)c(Cl)[nH]2)CC1,NC[C@H]1CC[C@H](C(=O)N[C@@H](Cc2ccccc2)c2nc(-c3ccc4c(N)n[nH]c4c3)c(Cl)[nH]2)CC1,NC[C@H]1CC[C@H](C(=O)N[C@@H](Cc2ccccc2)c2nc(-c3ccc4c(N)n[nH]c4c3)c(Cl)[nH]2)CC1,pKi,5.1944991418416,5.1944991418416,5.1944991418416,0.0,5.1944991418416,5.1944991418416,0.0,False,1,1,1,1,1,6390.0,6390.0,6390.0,35,492.02700000000027,B,CHEMBL3398778,CHEMBL3396988,15158485
